week,temp,dewp,hum
46,64.22857142857143,59.08571428571428,83.38276794680627
47,67.08571428571429,60.24285714285715,78.68317986649923
48,58.228571428571435,50.10000000000001,74.32763973832309
49,49.68571428571429,38.042857142857144,64.10154060801875
50,50.614285714285714,41.24285714285714,70.14144220719054
51,53.92857142857142,47.48571428571428,78.76267772607643
52,52.5,45.94,78.29670733136875
