week,temp,dewp,hum
51,29.28,19.96,67.805348685756
52,37.9,27.6,66.126054695498
