week,temp,dewp,hum
2,47.366666666666674,40.266666666666666,76.24524476184479
8,65.56666666666666,46.699999999999996,50.51044747728947
9,60.45,46.75,60.571656931682725
22,65.03999999999999,56.0,72.54089207028322
23,65.77142857142857,53.800000000000004,65.2795600386295
24,64.71428571428572,53.214285714285715,66.28930008824902
25,66.41428571428571,54.94285714285714,66.55719485818159
26,65.6,53.2,64.24294685836547
