week,temp,dewp,hum
45,74.9,58.099999999999994,55.89512982341896
46,70.38571428571429,59.18571428571429,67.66782048966273
47,71.52857142857142,62.98571428571428,74.46978173506447
48,65.27142857142857,55.41428571428571,70.44697545619289
49,67.37142857142857,59.728571428571435,76.49820019241128
50,71.56,64.61999999999999,78.77134458766038
