week,temp,dewp,hum
1,38.625,31.1,74.13648399250476
2,48.42857142857143,40.614285714285714,74.26206348745677
3,31.728571428571424,12.957142857142856,45.33105929205029
4,29.3,20.025,67.93788800928482
