week,temp,dewp,hum
1,-9.116666666666667,-14.483333333333333,76.56618340801677
2,-29.400000000000002,-36.714285714285715,66.58657232438509
3,-8.500000000000002,-13.928571428571427,76.39193638682306
4,-8.32857142857143,-13.928571428571427,75.75413780630159
5,-6.828571428571427,-12.057142857142859,77.33252170740492
6,10.014285714285714,4.8999999999999995,79.35206809519127
7,-7.371428571428572,-13.5,73.87288427412041
8,0.8285714285714286,-4.857142857142857,76.38886648155072
9,10.414285714285715,4.314285714285714,75.88283034836387
10,11.928571428571429,6.628571428571428,78.85384977297576
11,-6.628571428571429,-12.414285714285713,75.23433632933703
12,1.6714285714285713,-3.8857142857142857,76.94630393230402
13,23.914285714285715,18.985714285714284,81.17964424983789
14,1.3142857142857143,-4.485714285714286,76.02068482973175
15,3.4571428571428577,-1.6857142857142862,78.6509166622568
16,10.3,5.4,80.15855170782586
