week,temp,dewp,hum
11,40.26666666666667,38.300000000000004,92.62045260948175
12,47.028571428571425,41.214285714285715,80.10786465930047
13,44.8,36.857142857142854,73.52878010621471
14,44.41428571428571,36.74285714285714,74.28086028628802
15,42.07142857142857,38.114285714285714,85.75371457304335
16,43.55,37.0,77.55404342437016
