week,temp,dewp,hum
3,10.366666666666665,1671.6999999999998,275773700.7933247
4,16.685714285714287,7147.028571428571,3081325854.492943
5,6.142857142857143,5709.614285714286,3869775528.8475504
6,29.157142857142855,9999.9,2413749322.485362
7,11.814285714285713,8568.957142857142,4483191358.735652
8,20.814285714285717,9999.9,3415680346.0925655
9,30.35714285714286,9999.9,2298681426.536615
10,26.771428571428572,8574.085714285715,2366557390.0926676
11,19.02857142857143,1441.1142857142856,118832251.54593053
12,13.12857142857143,9.242857142857142,84.14874973011099
13,34.14285714285714,29.442857142857143,82.73397079633175
14,23.000000000000004,19.442857142857143,86.01525185725562
15,25.62857142857143,22.72857142857143,88.59188254300526
16,17.900000000000002,13.366666666666667,82.10930467606072
