week,temp,dewp,hum
1,54.0,5019.8,468505315.7597241
2,55.800000000000004,4316.857142857143,355138967.7972385
3,58.51428571428572,2897.214285714286,159634885.7666988
4,59.32857142857143,5731.2,455739107.2760675
5,57.214285714285715,2895.714285714286,167087763.93191338
6,52.62857142857143,2887.528571428571,196277546.81313416
7,53.95714285714285,4313.157142857142,379281381.5356956
8,50.699999999999996,5731.400000000001,623743879.2391132
9,56.25714285714286,50.64285714285715,81.42013446595445
10,53.942857142857136,44.857142857142854,71.275837402114
11,57.471428571428575,40.37142857142857,52.792532438064335
12,57.41428571428571,45.971428571428575,65.55914429198822
13,58.34285714285714,48.11428571428571,68.73732256602035
14,63.275000000000006,47.15,55.654352683473874
15,61.12857142857143,48.042857142857144,62.07640880732107
16,56.46666666666667,46.76666666666666,69.90638048818055
