week,temp,dewp,hum
1,22.400000000000002,17.366666666666667,80.69371507943004
2,25.04285714285714,20.25714285714286,81.76440293072972
3,18.150000000000002,14.266666666666666,84.50208440433903
12,40.75,34.8,79.17416644794847
13,37.45714285714286,29.900000000000002,73.92170561340944
14,42.614285714285714,37.800000000000004,82.95373958694529
15,38.128571428571426,32.55714285714286,80.1651975987673
16,48.43333333333334,36.666666666666664,63.630739604941425
