week,temp,dewp,hum
1,15.9,13.5,90.04875083698177
45,65.0,24.6,21.448367400339922
46,39.75,28.799999999999997,64.61835292106902
47,49.7,37.2,61.98147636173728
49,45.3,38.9,78.16471914810542
50,39.125,22.825,51.68423048891694
51,30.875,18.174999999999997,58.876936545804405
