week,temp,dewp,hum
48,57.88000000000001,43.64,59.00057791015645
49,42.114285714285714,28.771428571428572,58.90054335100341
50,44.18571428571429,28.514285714285712,53.837575369921964
51,45.625,45.375,99.05666975262612
52,28.271428571428572,16.25714285714286,60.264922473346736
