week,temp,dewp,hum
48,57.900000000000006,14.2,17.68080334093248
49,58.41428571428572,19.857142857142858,22.16242148875213
50,55.271428571428565,34.74285714285714,45.822514822688035
51,59.04285714285714,19.457142857142856,21.302868492593376
52,65.61666666666667,26.899999999999995,23.093808284109056
