week,temp,dewp,hum
50,39.825,24.55,54.060640725085776
51,37.614285714285714,15.414285714285715,39.93703921269082
52,38.31666666666667,16.883333333333333,41.40833607421209
