week,temp,dewp,hum
1,38.05714285714286,9999.9,1690795260.5769906
2,38.6,9999.9,1655242454.50852
50,39.825,24.55,54.060640725085776
51,37.614285714285714,15.414285714285715,39.93703921269082
52,36.85,2512.6375,264841151.50098604
