week,temp,dewp,hum
48,57.949999999999996,50.53333333333333,76.29150504572418
49,45.42857142857143,35.0,66.70700420364169
50,50.557142857142864,43.34285714285714,76.2024076920787
51,48.23333333333333,47.36666666666667,96.79984824357881
