week,temp,dewp,hum
1,14.033333333333333,8.3,77.51676232949075
40,43.3,35.1,72.63091836887173
42,48.4,46.7,93.81277296430135
43,34.4,25.4,69.34056421828456
47,17.099999999999998,8.6,68.75915535423638
48,27.528571428571432,23.571428571428573,84.8540769074822
49,25.885714285714283,20.585714285714285,80.0630124563055
50,11.842857142857143,8.142857142857142,84.76560592622656
51,7.200000000000001,1.5571428571428585,77.18008495708048
52,15.928571428571429,10.728571428571428,79.56430796716371
